what,kind,bundleId,bundleVersion,description,time
deactivated,workbench,org.eclipse.ui.workbench,3.6.0.I20100603-1100,"",1445452332977
activated,workbench,org.eclipse.ui.workbench,3.6.0.I20100603-1100,"",1445452335403
deactivated,workbench,org.eclipse.ui.workbench,3.6.0.I20100603-1100,"",1445452338627
activated,workbench,org.eclipse.ui.workbench,3.6.0.I20100603-1100,"",1445452383862
opened,editor,org.eclipse.jdt.ui,3.6.0.v20100602-1600,"org.eclipse.jdt.ui.CompilationUnitEditor",1445452383965
activated,editor,org.eclipse.jdt.ui,3.6.0.v20100602-1600,"org.eclipse.jdt.ui.CompilationUnitEditor",1445452384064
executed,command,org.eclipse.ui,3.6.0.I20100603-1100,"org.eclipse.ui.edit.selectAll",1445452385092
executed,command,org.eclipse.ui,3.6.0.I20100603-1100,"org.eclipse.ui.edit.paste",1445452385294
executed,command,org.eclipse.ui,3.6.0.I20100603-1100,"org.eclipse.ui.file.save",1445452386699
deactivated,workbench,org.eclipse.ui.workbench,3.6.0.I20100603-1100,"",1445452396565
activated,workbench,org.eclipse.ui.workbench,3.6.0.I20100603-1100,"",1445452397053
deactivated,workbench,org.eclipse.ui.workbench,3.6.0.I20100603-1100,"",1445452400575
activated,workbench,org.eclipse.ui.workbench,3.6.0.I20100603-1100,"",1445452401749
deactivated,workbench,org.eclipse.ui.workbench,3.6.0.I20100603-1100,"",1445452415766
activated,workbench,org.eclipse.ui.workbench,3.6.0.I20100603-1100,"",1445452486732
deactivated,workbench,org.eclipse.ui.workbench,3.6.0.I20100603-1100,"",1445452488141
activated,workbench,org.eclipse.ui.workbench,3.6.0.I20100603-1100,"",1445452491690
deactivated,workbench,org.eclipse.ui.workbench,3.6.0.I20100603-1100,"",1445452494291
activated,editor,org.eclipse.jdt.ui,3.6.0.v20100602-1600,"org.eclipse.jdt.ui.CompilationUnitEditor",1445452495291
activated,workbench,org.eclipse.ui.workbench,3.6.0.I20100603-1100,"",1445452495326
deactivated,workbench,org.eclipse.ui.workbench,3.6.0.I20100603-1100,"",1445452496580
activated,workbench,org.eclipse.ui.workbench,3.6.0.I20100603-1100,"",1445452498414
deactivated,workbench,org.eclipse.ui.workbench,3.6.0.I20100603-1100,"",1445452499438
activated,workbench,org.eclipse.ui.workbench,3.6.0.I20100603-1100,"",1445452500521
started,bundle,org.eclipse.mylyn.ide.ui,3.4.0.v20100608-0100-e3x,"org.eclipse.mylyn.ide.ui",1445452504234
started,bundle,org.eclipse.jst.ws.jaxws.ui,1.0.0.v201004262257,"org.eclipse.jst.ws.jaxws.ui",1445452504287
started,bundle,org.eclipse.mylyn.java.ui,3.4.0.v20100608-0100-e3x,"org.eclipse.mylyn.java.ui",1445452504319
started,bundle,org.eclipse.pde.api.tools,1.0.201.v20100602-0930,"org.eclipse.pde.api.tools",1445452504404
started,bundle,org.eclipse.pde.api.tools.ui,1.0.200.v20100601-1815,"org.eclipse.pde.api.tools.ui",1445452504406
started,bundle,org.eclipse.jst.ws.annotations.core,1.0.0.v201004262257,"org.eclipse.jst.ws.annotations.core",1445452504492
deactivated,workbench,org.eclipse.ui.workbench,3.6.0.I20100603-1100,"",1445452504860
activated,workbench,org.eclipse.ui.workbench,3.6.0.I20100603-1100,"",1445452507949
executed,command,org.eclipse.ui,3.6.0.I20100603-1100,"org.eclipse.ui.edit.paste",1445452509317
executed,command,org.eclipse.ui,3.6.0.I20100603-1100,"org.eclipse.ui.file.save",1445452511287
deactivated,workbench,org.eclipse.ui.workbench,3.6.0.I20100603-1100,"",1445452512053
activated,workbench,org.eclipse.ui.workbench,3.6.0.I20100603-1100,"",1445452523402
deactivated,workbench,org.eclipse.ui.workbench,3.6.0.I20100603-1100,"",1445452524021
activated,workbench,org.eclipse.ui.workbench,3.6.0.I20100603-1100,"",1445452540078
deactivated,workbench,org.eclipse.ui.workbench,3.6.0.I20100603-1100,"",1445452541468
activated,workbench,org.eclipse.ui.workbench,3.6.0.I20100603-1100,"",1445452550841
activated,view,org.eclipse.ui.navigator.resources,3.4.200.I20100601-0800,"org.eclipse.ui.navigator.ProjectExplorer",1445452553940
started,bundle,org.eclipse.mylyn.resources.ui,3.4.0.v20100608-0100-e3x,"org.eclipse.mylyn.resources.ui",1445452553964
activated,editor,org.eclipse.jst.jsp.ui,1.1.500.v201006030742,"org.eclipse.jst.jsp.core.jspsource.source",1445452554115
activated,view,org.eclipse.ui.navigator.resources,3.4.200.I20100601-0800,"org.eclipse.ui.navigator.ProjectExplorer",1445452554156
activated,editor,org.eclipse.jst.jsp.ui,1.1.500.v201006030742,"org.eclipse.jst.jsp.core.jspsource.source",1445452555023
deactivated,workbench,org.eclipse.ui.workbench,3.6.0.I20100603-1100,"",1445452557069
activated,workbench,org.eclipse.ui.workbench,3.6.0.I20100603-1100,"",1445452558138
deactivated,workbench,org.eclipse.ui.workbench,3.6.0.I20100603-1100,"",1445452560724
activated,workbench,org.eclipse.ui.workbench,3.6.0.I20100603-1100,"",1445452563908
deactivated,workbench,org.eclipse.ui.workbench,3.6.0.I20100603-1100,"",1445452565539
activated,workbench,org.eclipse.ui.workbench,3.6.0.I20100603-1100,"",1445452568307
activated,view,org.eclipse.ui.navigator.resources,3.4.200.I20100601-0800,"org.eclipse.ui.navigator.ProjectExplorer",1445452573925
activated,editor,org.eclipse.jst.jsp.ui,1.1.500.v201006030742,"org.eclipse.jst.jsp.core.jspsource.source",1445452574111
activated,view,org.eclipse.ui.navigator.resources,3.4.200.I20100601-0800,"org.eclipse.ui.navigator.ProjectExplorer",1445452574145
deactivated,workbench,org.eclipse.ui.workbench,3.6.0.I20100603-1100,"",1445452575549
activated,workbench,org.eclipse.ui.workbench,3.6.0.I20100603-1100,"",1445452591558
deactivated,workbench,org.eclipse.ui.workbench,3.6.0.I20100603-1100,"",1445452593939
activated,workbench,org.eclipse.ui.workbench,3.6.0.I20100603-1100,"",1445452594695
activated,editor,org.eclipse.wst.xml.ui,1.1.100.v201006030742,"org.eclipse.wst.xml.ui.internal.tabletree.XMLMultiPageEditorPart",1445452594951
activated,view,org.eclipse.ui.navigator.resources,3.4.200.I20100601-0800,"org.eclipse.ui.navigator.ProjectExplorer",1445452595007
activated,editor,org.eclipse.wst.xml.ui,1.1.100.v201006030742,"org.eclipse.wst.xml.ui.internal.tabletree.XMLMultiPageEditorPart",1445452596059
executed,command,org.eclipse.ui,3.6.0.I20100603-1100,"org.eclipse.ui.edit.paste",1445452596831
started,bundle,org.eclipse.mylyn.java.tasks,3.4.0.v20100608-0100-e3x,"org.eclipse.mylyn.java.tasks",1445452611234
executed,command,org.eclipse.ui,3.6.0.I20100603-1100,"org.eclipse.ui.file.save",1445452612724
deactivated,workbench,org.eclipse.ui.workbench,3.6.0.I20100603-1100,"",1445452613195
activated,workbench,org.eclipse.ui.workbench,3.6.0.I20100603-1100,"",1445452616004
executed,command,org.eclipse.ui.workbench.texteditor,3.6.0.v20100520-0800,"org.eclipse.ui.edit.text.scroll.lineUp",1445452618749
deactivated,workbench,org.eclipse.ui.workbench,3.6.0.I20100603-1100,"",1445452624962
activated,workbench,org.eclipse.ui.workbench,3.6.0.I20100603-1100,"",1445452631015
executed,command,org.eclipse.ui.workbench.texteditor,3.6.0.v20100520-0800,"org.eclipse.ui.edit.text.moveLineUp",1445452632244
deactivated,workbench,org.eclipse.ui.workbench,3.6.0.I20100603-1100,"",1445452633508
activated,workbench,org.eclipse.ui.workbench,3.6.0.I20100603-1100,"",1445452637316
deactivated,workbench,org.eclipse.ui.workbench,3.6.0.I20100603-1100,"",1445452637684
activated,workbench,org.eclipse.ui.workbench,3.6.0.I20100603-1100,"",1445452649904
deactivated,workbench,org.eclipse.ui.workbench,3.6.0.I20100603-1100,"",1445452651248
activated,workbench,org.eclipse.ui.workbench,3.6.0.I20100603-1100,"",1445452657222
deactivated,workbench,org.eclipse.ui.workbench,3.6.0.I20100603-1100,"",1445452658641
activated,workbench,org.eclipse.ui.workbench,3.6.0.I20100603-1100,"",1445452665779
deactivated,workbench,org.eclipse.ui.workbench,3.6.0.I20100603-1100,"",1445452667829
activated,editor,org.eclipse.wst.xml.ui,1.1.100.v201006030742,"org.eclipse.wst.xml.ui.internal.tabletree.XMLMultiPageEditorPart",1445452668865
activated,workbench,org.eclipse.ui.workbench,3.6.0.I20100603-1100,"",1445452668893
deactivated,workbench,org.eclipse.ui.workbench,3.6.0.I20100603-1100,"",1445452669734
activated,workbench,org.eclipse.ui.workbench,3.6.0.I20100603-1100,"",1445452671098
deactivated,workbench,org.eclipse.ui.workbench,3.6.0.I20100603-1100,"",1445452671841
activated,workbench,org.eclipse.ui.workbench,3.6.0.I20100603-1100,"",1445452672206
deactivated,workbench,org.eclipse.ui.workbench,3.6.0.I20100603-1100,"",1445452672590
activated,workbench,org.eclipse.ui.workbench,3.6.0.I20100603-1100,"",1445452673658
deactivated,workbench,org.eclipse.ui.workbench,3.6.0.I20100603-1100,"",1445452675358
activated,workbench,org.eclipse.ui.workbench,3.6.0.I20100603-1100,"",1445452676756
deactivated,workbench,org.eclipse.ui.workbench,3.6.0.I20100603-1100,"",1445452677492
activated,workbench,org.eclipse.ui.workbench,3.6.0.I20100603-1100,"",1445452678386
deactivated,workbench,org.eclipse.ui.workbench,3.6.0.I20100603-1100,"",1445452678965
activated,workbench,org.eclipse.ui.workbench,3.6.0.I20100603-1100,"",1445452682181
deactivated,workbench,org.eclipse.ui.workbench,3.6.0.I20100603-1100,"",1445452682737
activated,workbench,org.eclipse.ui.workbench,3.6.0.I20100603-1100,"",1445452683928
deactivated,workbench,org.eclipse.ui.workbench,3.6.0.I20100603-1100,"",1445452684490
activated,workbench,org.eclipse.ui.workbench,3.6.0.I20100603-1100,"",1445452686330
activated,view,org.eclipse.ui.navigator.resources,3.4.200.I20100601-0800,"org.eclipse.ui.navigator.ProjectExplorer",1445452687695
deactivated,workbench,org.eclipse.ui.workbench,3.6.0.I20100603-1100,"",1445452689605
activated,workbench,org.eclipse.ui.workbench,3.6.0.I20100603-1100,"",1445452689749
deactivated,workbench,org.eclipse.ui.workbench,3.6.0.I20100603-1100,"",1445452689859
activated,workbench,org.eclipse.ui.workbench,3.6.0.I20100603-1100,"",1445452698303
activated,editor,org.eclipse.wst.xml.ui,1.1.100.v201006030742,"org.eclipse.wst.xml.ui.internal.tabletree.XMLMultiPageEditorPart",1445452702136
activated,view,org.eclipse.ui.navigator.resources,3.4.200.I20100601-0800,"org.eclipse.ui.navigator.ProjectExplorer",1445452704358
activated,editor,org.eclipse.jdt.ui,3.6.0.v20100602-1600,"org.eclipse.jdt.ui.CompilationUnitEditor",1445452704514
activated,view,org.eclipse.ui.navigator.resources,3.4.200.I20100601-0800,"org.eclipse.ui.navigator.ProjectExplorer",1445452704535
activated,editor,org.eclipse.jdt.ui,3.6.0.v20100602-1600,"org.eclipse.jdt.ui.CompilationUnitEditor",1445452707564
activated,view,org.eclipse.ui.navigator.resources,3.4.200.I20100601-0800,"org.eclipse.ui.navigator.ProjectExplorer",1445452707587
deactivated,workbench,org.eclipse.ui.workbench,3.6.0.I20100603-1100,"",1445452710624
activated,workbench,org.eclipse.ui.workbench,3.6.0.I20100603-1100,"",1445452714821
deactivated,workbench,org.eclipse.ui.workbench,3.6.0.I20100603-1100,"",1445452717110
activated,workbench,org.eclipse.ui.workbench,3.6.0.I20100603-1100,"",1445452718005
activated,editor,org.eclipse.jdt.ui,3.6.0.v20100602-1600,"org.eclipse.jdt.ui.CompilationUnitEditor",1445452719485
deactivated,workbench,org.eclipse.ui.workbench,3.6.0.I20100603-1100,"",1445452719911
activated,workbench,org.eclipse.ui.workbench,3.6.0.I20100603-1100,"",1445452720800
deactivated,workbench,org.eclipse.ui.workbench,3.6.0.I20100603-1100,"",1445452723857
activated,workbench,org.eclipse.ui.workbench,3.6.0.I20100603-1100,"",1445452724441
activated,view,org.eclipse.ui.navigator.resources,3.4.200.I20100601-0800,"org.eclipse.ui.navigator.ProjectExplorer",1445452725000
deactivated,workbench,org.eclipse.ui.workbench,3.6.0.I20100603-1100,"",1445452727910
activated,workbench,org.eclipse.ui.workbench,3.6.0.I20100603-1100,"",1445452736833
deactivated,workbench,org.eclipse.ui.workbench,3.6.0.I20100603-1100,"",1445452737938
activated,workbench,org.eclipse.ui.workbench,3.6.0.I20100603-1100,"",1445452860096
activated,editor,org.eclipse.wst.xml.ui,1.1.100.v201006030742,"org.eclipse.wst.xml.ui.internal.tabletree.XMLMultiPageEditorPart",1445452864069
deactivated,workbench,org.eclipse.ui.workbench,3.6.0.I20100603-1100,"",1445452867074
activated,editor,org.eclipse.wst.xml.ui,1.1.100.v201006030742,"org.eclipse.wst.xml.ui.internal.tabletree.XMLMultiPageEditorPart",1445452870374
activated,workbench,org.eclipse.ui.workbench,3.6.0.I20100603-1100,"",1445452870399
deactivated,workbench,org.eclipse.ui.workbench,3.6.0.I20100603-1100,"",1445452875058
activated,workbench,org.eclipse.ui.workbench,3.6.0.I20100603-1100,"",1445452934363
deactivated,workbench,org.eclipse.ui.workbench,3.6.0.I20100603-1100,"",1445452934930
activated,workbench,org.eclipse.ui.workbench,3.6.0.I20100603-1100,"",1445452942392
activated,view,org.eclipse.ui.navigator.resources,3.4.200.I20100601-0800,"org.eclipse.ui.navigator.ProjectExplorer",1445452943702
deactivated,workbench,org.eclipse.ui.workbench,3.6.0.I20100603-1100,"",1445452948259
opened,editor,org.eclipse.ui.editors,3.6.0.v20100520-0800,"org.eclipse.ui.DefaultTextEditor",1445452950302
activated,editor,org.eclipse.ui.editors,3.6.0.v20100520-0800,"org.eclipse.ui.DefaultTextEditor",1445452950354
activated,workbench,org.eclipse.ui.workbench,3.6.0.I20100603-1100,"",1445452950465
executed,command,org.eclipse.ui,3.6.0.I20100603-1100,"org.eclipse.ui.edit.paste",1445452951051
executed,command,org.eclipse.ui,3.6.0.I20100603-1100,"org.eclipse.ui.file.save",1445452951609
deactivated,workbench,org.eclipse.ui.workbench,3.6.0.I20100603-1100,"",1445452953202
activated,workbench,org.eclipse.ui.workbench,3.6.0.I20100603-1100,"",1445452953899
activated,view,org.eclipse.ui.navigator.resources,3.4.200.I20100601-0800,"org.eclipse.ui.navigator.ProjectExplorer",1445452954988
error,log,,,"Invalid ZIP archive: WebContent/WEB-INF/lib/hello.fm [in HelloWorldStruts2]",1445452956798
deactivated,workbench,org.eclipse.ui.workbench,3.6.0.I20100603-1100,"",1445452956815
activated,workbench,org.eclipse.ui.workbench,3.6.0.I20100603-1100,"",1445452956820
deactivated,workbench,org.eclipse.ui.workbench,3.6.0.I20100603-1100,"",1445452958096
activated,workbench,org.eclipse.ui.workbench,3.6.0.I20100603-1100,"",1445452974313
deactivated,workbench,org.eclipse.ui.workbench,3.6.0.I20100603-1100,"",1445452974747
activated,workbench,org.eclipse.ui.workbench,3.6.0.I20100603-1100,"",1445452983000
deactivated,workbench,org.eclipse.ui.workbench,3.6.0.I20100603-1100,"",1445452984102
activated,workbench,org.eclipse.ui.workbench,3.6.0.I20100603-1100,"",1445452986675
activated,editor,org.eclipse.wst.xml.ui,1.1.100.v201006030742,"org.eclipse.wst.xml.ui.internal.tabletree.XMLMultiPageEditorPart",1445452988579
activated,view,org.eclipse.ui.navigator.resources,3.4.200.I20100601-0800,"org.eclipse.ui.navigator.ProjectExplorer",1445452988625
activated,editor,org.eclipse.wst.xml.ui,1.1.100.v201006030742,"org.eclipse.wst.xml.ui.internal.tabletree.XMLMultiPageEditorPart",1445452989658
deactivated,workbench,org.eclipse.ui.workbench,3.6.0.I20100603-1100,"",1445452989874
activated,workbench,org.eclipse.ui.workbench,3.6.0.I20100603-1100,"",1445452993007
executed,command,org.eclipse.ui,3.6.0.I20100603-1100,"org.eclipse.ui.edit.paste",1445452996463
executed,command,org.eclipse.ui,3.6.0.I20100603-1100,"org.eclipse.ui.file.save",1445452997575
deactivated,workbench,org.eclipse.ui.workbench,3.6.0.I20100603-1100,"",1445453011810
activated,workbench,org.eclipse.ui.workbench,3.6.0.I20100603-1100,"",1445453017103
deactivated,workbench,org.eclipse.ui.workbench,3.6.0.I20100603-1100,"",1445453020844
activated,workbench,org.eclipse.ui.workbench,3.6.0.I20100603-1100,"",1445453022197
deactivated,workbench,org.eclipse.ui.workbench,3.6.0.I20100603-1100,"",1445453022462
activated,workbench,org.eclipse.ui.workbench,3.6.0.I20100603-1100,"",1445453066430
activated,view,org.eclipse.ui.navigator.resources,3.4.200.I20100601-0800,"org.eclipse.ui.navigator.ProjectExplorer",1445453072416
deactivated,workbench,org.eclipse.ui.workbench,3.6.0.I20100603-1100,"",1445453074536
activated,workbench,org.eclipse.ui.workbench,3.6.0.I20100603-1100,"",1445453080582
deactivated,workbench,org.eclipse.ui.workbench,3.6.0.I20100603-1100,"",1445453081822
activated,workbench,org.eclipse.ui.workbench,3.6.0.I20100603-1100,"",1445453100021
activated,editor,org.eclipse.wst.xml.ui,1.1.100.v201006030742,"org.eclipse.wst.xml.ui.internal.tabletree.XMLMultiPageEditorPart",1445453101759
activated,view,org.eclipse.ui.navigator.resources,3.4.200.I20100601-0800,"org.eclipse.ui.navigator.ProjectExplorer",1445453107109
deactivated,workbench,org.eclipse.ui.workbench,3.6.0.I20100603-1100,"",1445453112767
activated,workbench,org.eclipse.ui.workbench,3.6.0.I20100603-1100,"",1445453112769
deactivated,workbench,org.eclipse.ui.workbench,3.6.0.I20100603-1100,"",1445453113143
activated,workbench,org.eclipse.ui.workbench,3.6.0.I20100603-1100,"",1445453113151
deactivated,workbench,org.eclipse.ui.workbench,3.6.0.I20100603-1100,"",1445453124147
activated,workbench,org.eclipse.ui.workbench,3.6.0.I20100603-1100,"",1445453129898
deactivated,workbench,org.eclipse.ui.workbench,3.6.0.I20100603-1100,"",1445453130712
activated,workbench,org.eclipse.ui.workbench,3.6.0.I20100603-1100,"",1445453138953
activated,editor,org.eclipse.wst.xml.ui,1.1.100.v201006030742,"org.eclipse.wst.xml.ui.internal.tabletree.XMLMultiPageEditorPart",1445453140093
deactivated,workbench,org.eclipse.ui.workbench,3.6.0.I20100603-1100,"",1445453141915
activated,workbench,org.eclipse.ui.workbench,3.6.0.I20100603-1100,"",1445453145056
deactivated,workbench,org.eclipse.ui.workbench,3.6.0.I20100603-1100,"",1445453146847
activated,workbench,org.eclipse.ui.workbench,3.6.0.I20100603-1100,"",1445453147866
deactivated,workbench,org.eclipse.ui.workbench,3.6.0.I20100603-1100,"",1445453149283
activated,workbench,org.eclipse.ui.workbench,3.6.0.I20100603-1100,"",1445453150278
deactivated,workbench,org.eclipse.ui.workbench,3.6.0.I20100603-1100,"",1445453151337
activated,workbench,org.eclipse.ui.workbench,3.6.0.I20100603-1100,"",1445453356754
activated,view,org.eclipse.ui.navigator.resources,3.4.200.I20100601-0800,"org.eclipse.ui.navigator.ProjectExplorer",1445453358987
activated,editor,org.eclipse.jdt.ui,3.6.0.v20100602-1600,"org.eclipse.jdt.ui.CompilationUnitEditor",1445453359222
activated,view,org.eclipse.ui.navigator.resources,3.4.200.I20100601-0800,"org.eclipse.ui.navigator.ProjectExplorer",1445453359244
activated,editor,org.eclipse.jdt.ui,3.6.0.v20100602-1600,"org.eclipse.jdt.ui.CompilationUnitEditor",1445453359772
executed,command,org.eclipse.ui,3.6.0.I20100603-1100,"org.eclipse.ui.edit.selectAll",1445453359851
executed,command,org.eclipse.ui,3.6.0.I20100603-1100,"org.eclipse.ui.edit.paste",1445453360101
executed,command,org.eclipse.ui,3.6.0.I20100603-1100,"org.eclipse.ui.file.save",1445453360885
deactivated,workbench,org.eclipse.ui.workbench,3.6.0.I20100603-1100,"",1445453362567
activated,workbench,org.eclipse.ui.workbench,3.6.0.I20100603-1100,"",1445453368537
deactivated,workbench,org.eclipse.ui.workbench,3.6.0.I20100603-1100,"",1445453370126
activated,editor,org.eclipse.jst.jsp.ui,1.1.500.v201006030742,"org.eclipse.jst.jsp.core.jspsource.source",1445453371108
activated,workbench,org.eclipse.ui.workbench,3.6.0.I20100603-1100,"",1445453371137
deactivated,workbench,org.eclipse.ui.workbench,3.6.0.I20100603-1100,"",1445453372152
activated,editor,org.eclipse.jst.jsp.ui,1.1.500.v201006030742,"org.eclipse.jst.jsp.core.jspsource.source",1445453373050
activated,workbench,org.eclipse.ui.workbench,3.6.0.I20100603-1100,"",1445453373074
executed,command,org.eclipse.ui,3.6.0.I20100603-1100,"org.eclipse.ui.edit.paste",1445453375530
executed,command,org.eclipse.ui,3.6.0.I20100603-1100,"org.eclipse.ui.file.save",1445453376237
error,log,,,"File not found: '/HelloWorldStruts2/__2F_HelloWorldStruts2_2F_WebContent_2F_HelloWorld_2E_jsp.java'",1445453376372
deactivated,workbench,org.eclipse.ui.workbench,3.6.0.I20100603-1100,"",1445453376737
activated,workbench,org.eclipse.ui.workbench,3.6.0.I20100603-1100,"",1445453391122
deactivated,workbench,org.eclipse.ui.workbench,3.6.0.I20100603-1100,"",1445453392363
activated,workbench,org.eclipse.ui.workbench,3.6.0.I20100603-1100,"",1445453398983
deactivated,workbench,org.eclipse.ui.workbench,3.6.0.I20100603-1100,"",1445453400237
activated,workbench,org.eclipse.ui.workbench,3.6.0.I20100603-1100,"",1445453411759
activated,view,org.eclipse.ui.navigator.resources,3.4.200.I20100601-0800,"org.eclipse.ui.navigator.ProjectExplorer",1445453413652
deactivated,workbench,org.eclipse.ui.workbench,3.6.0.I20100603-1100,"",1445453419959
activated,workbench,org.eclipse.ui.workbench,3.6.0.I20100603-1100,"",1445453425781
deactivated,workbench,org.eclipse.ui.workbench,3.6.0.I20100603-1100,"",1445453428476
activated,workbench,org.eclipse.ui.workbench,3.6.0.I20100603-1100,"",1445453466659
activated,editor,org.eclipse.jst.jsp.ui,1.1.500.v201006030742,"org.eclipse.jst.jsp.core.jspsource.source",1445453469141
deactivated,workbench,org.eclipse.ui.workbench,3.6.0.I20100603-1100,"",1445453472834
activated,workbench,org.eclipse.ui.workbench,3.6.0.I20100603-1100,"",1445453476339
activated,view,org.eclipse.ui.navigator.resources,3.4.200.I20100601-0800,"org.eclipse.ui.navigator.ProjectExplorer",1445453479376
activated,editor,org.eclipse.wst.xml.ui,1.1.100.v201006030742,"org.eclipse.wst.xml.ui.internal.tabletree.XMLMultiPageEditorPart",1445453479569
activated,view,org.eclipse.ui.navigator.resources,3.4.200.I20100601-0800,"org.eclipse.ui.navigator.ProjectExplorer",1445453479612
activated,editor,org.eclipse.wst.xml.ui,1.1.100.v201006030742,"org.eclipse.wst.xml.ui.internal.tabletree.XMLMultiPageEditorPart",1445453480702
executed,command,org.eclipse.ui,3.6.0.I20100603-1100,"org.eclipse.ui.file.save",1445453486837
deactivated,workbench,org.eclipse.ui.workbench,3.6.0.I20100603-1100,"",1445453489213
activated,workbench,org.eclipse.ui.workbench,3.6.0.I20100603-1100,"",1445453492685
deactivated,workbench,org.eclipse.ui.workbench,3.6.0.I20100603-1100,"",1445453495351
activated,workbench,org.eclipse.ui.workbench,3.6.0.I20100603-1100,"",1445453496555
deactivated,workbench,org.eclipse.ui.workbench,3.6.0.I20100603-1100,"",1445453500431
activated,workbench,org.eclipse.ui.workbench,3.6.0.I20100603-1100,"",1445453501074
activated,view,org.eclipse.ui.navigator.resources,3.4.200.I20100601-0800,"org.eclipse.ui.navigator.ProjectExplorer",1445453502832
deactivated,workbench,org.eclipse.ui.workbench,3.6.0.I20100603-1100,"",1445453506863
activated,workbench,org.eclipse.ui.workbench,3.6.0.I20100603-1100,"",1445453511944
deactivated,workbench,org.eclipse.ui.workbench,3.6.0.I20100603-1100,"",1445453513022
activated,workbench,org.eclipse.ui.workbench,3.6.0.I20100603-1100,"",1445453523233
activated,editor,org.eclipse.wst.xml.ui,1.1.100.v201006030742,"org.eclipse.wst.xml.ui.internal.tabletree.XMLMultiPageEditorPart",1445453524604
deactivated,workbench,org.eclipse.ui.workbench,3.6.0.I20100603-1100,"",1445453525354
activated,workbench,org.eclipse.ui.workbench,3.6.0.I20100603-1100,"",1445453525937
deactivated,workbench,org.eclipse.ui.workbench,3.6.0.I20100603-1100,"",1445453526299
activated,workbench,org.eclipse.ui.workbench,3.6.0.I20100603-1100,"",1445453532571
deactivated,workbench,org.eclipse.ui.workbench,3.6.0.I20100603-1100,"",1445453533223
activated,workbench,org.eclipse.ui.workbench,3.6.0.I20100603-1100,"",1445453567019
activated,editor,org.eclipse.jst.jsp.ui,1.1.500.v201006030742,"org.eclipse.jst.jsp.core.jspsource.source",1445453570796
deactivated,workbench,org.eclipse.ui.workbench,3.6.0.I20100603-1100,"",1445453582651
activated,workbench,org.eclipse.ui.workbench,3.6.0.I20100603-1100,"",1445453584072
deactivated,workbench,org.eclipse.ui.workbench,3.6.0.I20100603-1100,"",1445453586003
activated,workbench,org.eclipse.ui.workbench,3.6.0.I20100603-1100,"",1445453591035
deactivated,workbench,org.eclipse.ui.workbench,3.6.0.I20100603-1100,"",1445453594567
activated,workbench,org.eclipse.ui.workbench,3.6.0.I20100603-1100,"",1445453595793
deactivated,workbench,org.eclipse.ui.workbench,3.6.0.I20100603-1100,"",1445453598416
activated,workbench,org.eclipse.ui.workbench,3.6.0.I20100603-1100,"",1445453601129
deactivated,workbench,org.eclipse.ui.workbench,3.6.0.I20100603-1100,"",1445453603541
activated,workbench,org.eclipse.ui.workbench,3.6.0.I20100603-1100,"",1445453604673
activated,editor,org.eclipse.jst.jsp.ui,1.1.500.v201006030742,"org.eclipse.jst.jsp.core.jspsource.source",1445453620340
activated,editor,org.eclipse.jst.jsp.ui,1.1.500.v201006030742,"org.eclipse.jst.jsp.core.jspsource.source",1445453622223
deactivated,workbench,org.eclipse.ui.workbench,3.6.0.I20100603-1100,"",1445453630346
activated,workbench,org.eclipse.ui.workbench,3.6.0.I20100603-1100,"",1445453630550
deactivated,workbench,org.eclipse.ui.workbench,3.6.0.I20100603-1100,"",1445453631020
activated,workbench,org.eclipse.ui.workbench,3.6.0.I20100603-1100,"",1445453668499
activated,view,org.eclipse.ui.navigator.resources,3.4.200.I20100601-0800,"org.eclipse.ui.navigator.ProjectExplorer",1445453669465
activated,editor,org.eclipse.jst.jsp.ui,1.1.500.v201006030742,"org.eclipse.jst.jsp.core.jspsource.source",1445453670831
activated,editor,org.eclipse.wst.xml.ui,1.1.100.v201006030742,"org.eclipse.wst.xml.ui.internal.tabletree.XMLMultiPageEditorPart",1445453679560
activated,view,org.eclipse.ui.navigator.resources,3.4.200.I20100601-0800,"org.eclipse.ui.navigator.ProjectExplorer",1445453689587
activated,editor,org.eclipse.jdt.ui,3.6.0.v20100602-1600,"org.eclipse.jdt.ui.CompilationUnitEditor",1445453689806
activated,view,org.eclipse.ui.navigator.resources,3.4.200.I20100601-0800,"org.eclipse.ui.navigator.ProjectExplorer",1445453689828
activated,editor,org.eclipse.jdt.ui,3.6.0.v20100602-1600,"org.eclipse.jdt.ui.CompilationUnitEditor",1445453690749
deactivated,workbench,org.eclipse.ui.workbench,3.6.0.I20100603-1100,"",1445453698487
activated,workbench,org.eclipse.ui.workbench,3.6.0.I20100603-1100,"",1445453718088
deactivated,workbench,org.eclipse.ui.workbench,3.6.0.I20100603-1100,"",1445453724333
activated,workbench,org.eclipse.ui.workbench,3.6.0.I20100603-1100,"",1445453726740
deactivated,workbench,org.eclipse.ui.workbench,3.6.0.I20100603-1100,"",1445453727308
activated,workbench,org.eclipse.ui.workbench,3.6.0.I20100603-1100,"",1445453728153
deactivated,workbench,org.eclipse.ui.workbench,3.6.0.I20100603-1100,"",1445453732900
activated,workbench,org.eclipse.ui.workbench,3.6.0.I20100603-1100,"",1445453736705
activated,view,org.eclipse.ui.navigator.resources,3.4.200.I20100601-0800,"org.eclipse.ui.navigator.ProjectExplorer",1445453738727
deactivated,workbench,org.eclipse.ui.workbench,3.6.0.I20100603-1100,"",1445453741409
